"Cód. Pergunta","Pergunta","Opção A","Opção B","Opção C","Opção D","Correta","Referência Bíblica","Texto Bíblico Transcrito (TNM)"
10001,"Quem recebeu a ordem de Deus para construir uma arca?","Noé","Moisés","Abraão","Davi","Noé","Gênesis 6:13-14","(13) Depois disso Deus disse a Noé: “Decidi pôr um fim a toda a humanidade... (14) Faça para você uma arca de madeira resinosa.”"
10002,"Que profeta foi lançado na cova dos leões por continuar a orar ao seu Deus?","Daniel","José","Elias","Paulo","Daniel","Daniel 6:16","Então o rei deu a ordem, e eles trouxeram Daniel e o lançaram na cova dos leões."
10003,"Quem traiu Jesus por 30 moedas de prata?","Judas Iscariotes","Pedro","Tiago","Tomé","Judas Iscariotes","Mateus 26:14-15","(14) Então um dos Doze, chamado Judas Iscariotes, foi aos principais sacerdotes (15) e lhes disse: “O que me darão para que eu o traia a vocês?” Eles lhe estipularam 30 moedas de prata."
10004,"Qual foi o primeiro milagre de Jesus registrado no livro de João?","Transformar água em vinho","Curar um cego","Andar sobre as águas","Multiplicar pães","Transformar água em vinho","João 2:9","Quando o encarregado da festa provou a água que tinha sido transformada em vinho..."
10005,"Quem Jeová usou para dividir as águas do Mar Vermelho?","Moisés","Josué","Elias","Noé","Moisés","Êxodo 14:21","Moisés estendeu então a mão sobre o mar, e Jeová fez o mar retroceder..."
10006,"Que profeta, ao fugir de sua designação, foi engolido por um grande peixe?","Jonas","Elias","Daniel","Abraão","Jonas","Jonas 1:17","Então Jeová fez com que um grande peixe engolisse Jonas, e Jonas ficou no ventre do peixe por três dias e três noites."
10007,"Quem foi o primeiro homem a ser ungido como rei sobre a nação de Israel?","Saul","Davi","Salomão","Ezequias","Saul","1 Samuel 10:1","Samuel pegou o frasco de óleo e o derramou sobre a cabeça de Saul. Então o beijou e disse: “Não foi Jeová que te ungiu como líder sobre a sua herança?”"
10008,"Quem interpretou os sonhos de Faraó sobre as vacas e as espigas de grãos?","José","Moisés","Elias","Daniel","José","Gênesis 41:25","Então José disse a Faraó: “Os sonhos de Faraó têm um só significado. O verdadeiro Deus anunciou a Faraó o que ele está para fazer.”"
10009,"No Monte Sinai, quem recebeu de Deus as duas tábuas de pedra com os Dez Mandamentos?","Moisés","Josué","Arão","Elias","Moisés","Êxodo 31:18","Assim que tinha acabado de falar com ele no monte Sinai, deu a Moisés as duas Tábuas do Testemunho, tábuas de pedra, escritas pelo dedo de Deus."
10010,"Que apóstolo, anteriormente conhecido como Saulo, foi chamado de 'vaso escolhido' para levar o nome de Jesus às nações?","Paulo","Pedro","João","Tiago","Paulo","Atos 9:15","Mas o Senhor lhe disse: “Vá, porque esse homem é para mim um vaso escolhido para levar o meu nome às nações, bem como a reis e aos filhos de Israel.”"
10011,"Quem foi escolhido por Jeová para suceder Moisés e liderar Israel?","Josué","Calebe","Arão","Samuel","Josué","Josué 1:1-2","(1) Depois da morte de Moisés, servo de Jeová, Jeová disse a Josué, filho de Num, ajudante de Moisés: (2) “...agora, levante-se, atravesse este Jordão, você e todo este povo, e entre na terra que dou a eles, aos israelitas.”"
10012,"As muralhas de que cidade caíram depois que os israelitas marcharam ao seu redor e tocaram as buzinas?","Jericó","Jerusalém","Babilônia","Nínive","Jericó","Josué 6:20","Assim que o povo ouviu o som da buzina e o alto grito de guerra, as muralhas de Jericó ruíram totalmente."
10013,"Qual juiz de Israel era conhecido por sua força extraordinária, que vinha de seu voto de nazireu?","Sansão","Gideão","Jefté","Samuel","Sansão","Juízes 14:6","Então o espírito de Jeová lhe deu poder, e ele rasgou o leão em dois..."
10014,"Qual era o nome da esposa de Abraão, que deu à luz Isaque em sua velhice?","Sara","Rebeca","Lia","Raquel","Sara","Gênesis 21:2","E Sara ficou grávida e deu a Abraão um filho na sua velhice..."
10015,"Em que cidade Jesus nasceu, cumprindo uma profecia?","Belém","Nazaré","Jerusalém","Cafarnaum","Belém","Mateus 2:1","Depois de Jesus ter nascido em Belém da Judeia, nos dias do Rei Herodes..."
10016,"Que profeta foi levado aos céus num vendaval, por meio de uma carruagem de fogo?","Elias","Eliseu","Isaías","Jeremias","Elias","2 Reis 2:11","Enquanto andavam e conversavam, apareceu de repente uma carruagem de fogo com cavalos de fogo, e os separou; e Elias subiu aos céus num vendaval."
10017,"Que rei construiu o primeiro templo para Jeová em Jerusalém?","Salomão","Davi","Saul","Ezequias","Salomão","1 Reis 6:1","No ano 480 depois de os israelitas terem saído da terra do Egito... Salomão começou a construir a casa de Jeová."
10018,"Qual apóstolo negou Jesus três vezes antes de um galo cantar?","Pedro","Judas","João","Tomé","Pedro","Mateus 26:75","Então Pedro se lembrou do que Jesus tinha dito: “Antes que o galo cante, você me negará três vezes.” E, saindo, chorou amargamente."
10019,"Quem foi a primeira mulher, criada por Deus a partir da costela do homem?","Eva","Maria","Rute","Ester","Eva","Gênesis 2:22","E da costela que havia tirado do homem, Jeová Deus fez uma mulher e a trouxe ao homem."
10020,"Quem era o irmão de Moisés e foi designado como o primeiro sumo sacerdote de Israel?","Arão","Josué","Calebe","Miriã","Arão","Êxodo 28:1","Depois, mande chamar seu irmão Arão, e com ele os seus filhos, dentre os israelitas, para que me sirvam como sacerdotes..."
10021,"Que instrumento musical Davi tocava para acalmar o Rei Saul?","Harpa","Flauta","Tambor","Lira","Harpa","1 Samuel 16:23","Sempre que o espírito mau da parte de Deus vinha sobre Saul, Davi pegava a harpa e a tocava. Saul sentia alívio e ficava bom, e o espírito mau se retirava dele."
10022,"Quantos apóstolos Jesus escolheu dentre seus discípulos?","Doze","Sete","Três","Setenta","Doze","Mateus 10:2","Os nomes dos doze apóstolos são: primeiro, Simão, o chamado Pedro, e André, seu irmão..."
10023,"Quem foi vendido como escravo por seus irmãos por ciúmes?","José","Isaque","Jacó","Esaú","José","Gênesis 37:28","Assim, quando os mercadores midianitas passaram por ali, eles tiraram José da cisterna e o venderam aos ismaelitas por 20 peças de prata."
10024,"Que profeta ungiu Davi como futuro rei de Israel enquanto ele ainda era um jovem pastor?","Samuel","Natã","Elias","Isaías","Samuel","1 Samuel 16:13","Então Samuel pegou o chifre de óleo e o ungiu no meio dos seus irmãos. E o espírito de Jeová capacitou Davi daquele dia em diante."
10025,"Qual é o primeiro livro da Bíblia, que relata a criação?","Gênesis","Êxodo","Levítico","Mateus","Gênesis","Gênesis 1:1","No princípio Deus criou os céus e a terra."
10026,"Quem realizou o batismo de Jesus no Rio Jordão?","João Batista","Pedro","Ananias","Paulo","João Batista","Mateus 3:13","Então Jesus foi da Galileia para o Jordão, a fim de ser batizado por João."
10027,"Qual era o nome do gigante filisteu que foi derrotado por Davi com uma funda e uma pedra?","Golias","Og","Siom","Laquis","Golias","1 Samuel 17:49-50","(49) Davi enfiou a mão na sua bolsa, pegou uma pedra e a atirou com a funda, atingindo o filisteu na testa... (50) Assim, Davi, com uma funda e uma pedra, foi mais forte que o filisteu; ele o derrubou e o matou."
10028,"Que rainha usou sua posição para salvar seu povo, os judeus, de um plano de extermínio?","Ester","Rute","Jezabel","Atalia","Ester","Ester 7:3","A rainha Ester respondeu: “Se eu achei favor aos seus olhos, ó rei, e se for do agrado do rei, peço que a minha vida me seja dada, e peço também o meu povo.”"
10029,"Quem, a caminho de Damasco, ficou cego por uma luz do céu e se converteu, tornando-se o apóstolo Paulo?","Saulo","Pedro","Tiago","João","Saulo","Atos 9:3-4, 8","(3) Enquanto viajava, aproximando-se de Damasco, de repente uma luz vinda do céu brilhou ao seu redor, (4) e ele caiu no chão... (8) Saulo se levantou do chão e, embora os seus olhos estivessem abertos, ele não via nada."
10030,"Qual era a profissão de Pedro e André antes de se tornarem apóstolos de Jesus?","Pescadores","Carpinteiros","Cobradores de impostos","Lavradores","Pescadores","Mateus 4:18","Andando à beira do mar da Galileia, ele viu dois irmãos, Simão, que é chamado Pedro, e André, seu irmão, lançando uma rede de pesca ao mar, pois eram pescadores."
10031,"Qual foi a primeira das Dez Pragas que Jeová enviou sobre o Egito?","As águas do Nilo se tornaram sangue","Rãs","Moscas-varejeiras","Piolhos","As águas do Nilo se tornaram sangue","Êxodo 7:20","...e ele levantou o bastão e golpeou a água do rio Nilo, à vista de Faraó e dos seus servos, e toda a água do rio se transformou em sangue."
10032,"Qual era o nome da mãe de Samuel, que orou a Jeová por um filho?","Ana","Penina","Isabel","Maria","Ana","1 Samuel 1:20","E, antes do fim do ano, Ana ficou grávida e deu à luz um filho; ela o chamou de Samuel, pois disse: “É de Jeová que o pedi.”"
10033,"Como se chamava o jardim onde Adão e Eva viveram no início?","Éden","Getsêmani","Paraíso","Hespérides","Éden","Gênesis 2:8","Jeová Deus plantou um jardim no Éden, no leste, e ali pôs o homem que ele havia formado."
10034,"A quem Deus deu sabedoria e discernimento incomparáveis para julgar seu povo?","Salomão","Davi","Daniel","José","Salomão","1 Reis 3:12","farei o que você pediu. Eu lhe darei um coração sábio e criterioso, de modo que nunca tenha havido ninguém como você, nem haverá depois de você."
10035,"Em que lugar, também conhecido como 'Lugar da Caveira', Jesus foi pregado na estaca?","Gólgota","Monte das Oliveiras","Monte Sinai","Monte Carmelo","Gólgota","João 19:17","Ele, carregando a sua própria estaca de tortura, saiu para o chamado Lugar da Caveira, que em hebraico é chamado de Gólgota."
10036,"A esposa de quem se transformou numa coluna de sal por olhar para trás ao fugir de Sodoma?","Ló","Abraão","Noé","Jacó","Ló","Gênesis 19:26","Mas a esposa de Ló, que vinha atrás dele, olhou para trás e se transformou numa coluna de sal."
10037,"Quem era o pai de João Batista?","Zacarias","Simeão","José","Joaquim","Zacarias","Lucas 1:5, 13","(5) Nos dias de Herodes, rei da Judeia, havia um sacerdote chamado Zacarias... (13) ...o anjo lhe disse: “Não tenha medo, Zacarias, pois a sua súplica foi ouvida, e a sua esposa, Isabel, lhe dará um filho, e você o chamará de João.”"
10038,"Qual é considerado o menor livro das Escrituras Gregas Cristãs (Novo Testamento) em contagem de palavras?","3 João","2 João","Filemom","Obadias","3 João","(Análise estrutural dos livros)"
10039,"Que profeta foi enviado por Jeová para confrontar o Rei Davi sobre seu pecado com Bate-Seba?","Natã","Samuel","Elias","Isaías","Natã","2 Samuel 12:7","Então Natã disse a Davi: “Esse homem é você! Assim diz Jeová, o Deus de Israel: ‘Fui eu que o ungi como rei sobre Israel...’”"
10040,"Qual era o nome das duas irmãs de Lázaro, a quem Jesus amava?","Marta e Maria","Susana e Joana","Priscila e Lídia","Trifena e Trifosa","Marta e Maria","João 11:1","Havia um homem doente, Lázaro, de Betânia, o povoado de Maria e de sua irmã Marta."
10041,"Quantos livros compõem as Escrituras Gregas Cristãs (Novo Testamento)?","27","39","66","12","27","(Cânon bíblico)"
10042,"Quem foi o primeiro seguidor de Cristo a ser morto por sua fé, tornando-se o primeiro mártir cristão?","Estêvão","Tiago","Pedro","Paulo","Estêvão","Atos 7:59-60","(59) Enquanto o apedrejavam, Estêvão fez o seguinte apelo: “Senhor Jesus, recebe o meu espírito.” (60) Então, ajoelhando-se, clamou com voz alta: “Jeová, não os culpes por este pecado.” E, dizendo isso, adormeceu na morte."
10043,"Para qual cidade Jonas foi enviado por Jeová para pregar uma mensagem de julgamento?","Nínive","Babilônia","Társis","Jericó","Nínive","Jonas 1:2","“Levante-se, vá a Nínive, a grande cidade, e anuncie o julgamento contra ela, pois a sua maldade chegou até mim.”"
10044,"Qual César governava o Império Romano quando João Batista e Jesus iniciaram seus ministérios?","Tibério César","Augusto César","Nero","Cláudio","Tibério César","Lucas 3:1","No 15.º ano do reinado de Tibério César, quando Pôncio Pilatos era governador da Judeia..."
10045,"Que anjo anunciou a Maria que ela daria à luz o Filho de Deus?","Gabriel","Miguel","Rafael","Uriel","Gabriel","Lucas 1:26-28","(26) ...o anjo Gabriel foi enviado por Deus a uma cidade da Galileia chamada Nazaré, (27) a uma virgem que estava prometida em casamento a um homem chamado José... o nome da virgem era Maria. (28) E, entrando onde ela estava, o anjo disse: “Alegre-se, mulher altamente favorecida, Jeová está com você.”"
10046,"Qual foi o sinal que Deus estabeleceu com Noé, como um pacto de que nunca mais destruiria toda a vida com um dilúvio?","O arco-íris","Uma pomba","Uma nuvem","Fogo","O arco-íris","Gênesis 9:13","Ponho o meu arco-íris na nuvem, e ele servirá de sinal do pacto entre mim e a terra."
10047,"Qual apóstolo escreveu o maior número de livros das Escrituras Gregas Cristãs?","Paulo","Pedro","João","Lucas","Paulo","(Autoria dos livros do Novo Testamento)"
10048,"Que cobrador de impostos Jesus chamou para ser um de seus apóstolos?","Mateus","Zaqueu","Simão","Bartolomeu","Mateus","Mateus 9:9","Partindo dali, Jesus viu um homem chamado Mateus, sentado na coletoria, e lhe disse: “Seja meu seguidor.” Ele logo se levantou e o seguiu."
10049,"Qual filho de Davi se rebelou contra ele, tentando tomar o trono de Israel?","Absalão","Salomão","Adonias","Amnom","Absalão","2 Samuel 15:13","Mais tarde, um mensageiro foi dizer a Davi: “O coração dos homens de Israel está com Absalão.”"
10050,"Qual é o último livro da Bíblia, que contém uma revelação dada a João?","Apocalipse (Revelação)","Malaquias","Atos","Hebreus","Apocalipse (Revelação)","Apocalipse 1:1","Revelação de Jesus Cristo, que Deus lhe deu para mostrar aos seus escravos as coisas que têm de ocorrer em breve."
10051,"Quem foi a única mulher a servir como profetisa e juíza em Israel?","Débora","Jael","Ester","Rute","Débora","Juízes 4:4","Naquele tempo, Débora, uma profetisa, esposa de Lapidote, julgava Israel."
10052,"Sobre qual cordilheira a arca de Noé pousou após o Dilúvio?","Montes de Ararate","Monte Sinai","Monte Nebo","Monte Carmelo","Montes de Ararate","Gênesis 8:4","No sétimo mês, no dia 17 do mês, a arca pousou nos montes de Ararate."
10053,"A que profeta Jeová ordenou que se casasse com 'uma mulher de prostituição' como ilustração da infidelidade de Israel?","Oseias","Amós","Joel","Miqueias","Oseias","Oseias 1:2","Jeová disse a Oseias: “Vá, tome para si uma mulher de prostituição e tenha filhos de prostituição, pois a terra se desviou completamente de seguir a Jeová, cometendo prostituição.”"
10054,"Quais foram os dois espiões que trouxeram um relatório positivo sobre a Terra Prometida, confiando que Jeová os ajudaria a conquistá-la?","Josué e Calebe","Apenas Josué","Apenas Calebe","Nenhum deles","Josué e Calebe","Números 14:6-7","(6) E Josué, filho de Num, e Calebe, filho de Jefoné, que estavam entre os que haviam espiado a terra, rasgaram as suas roupas, (7) e disseram a toda a assembleia de Israel: “A terra que percorremos e espiamos é uma terra muito, muito boa.”"
10055,"Qual era o nome do sogro de Moisés, um sacerdote de Midiã?","Jetro","Labão","Ismael","Esaú","Jetro","Êxodo 3:1","Moisés se tornou pastor do rebanho de seu sogro Jetro, o sacerdote de Midiã."
10056,"Que rei de Babilônia sitiou Jerusalém, destruiu o templo e levou os judeus para o exílio?","Nabucodonosor","Ciro","Dario","Belsazar","Nabucodonosor","2 Reis 25:8-9","(8) ...Nabuzaradã, chefe da guarda, servo do rei de Babilônia, chegou a Jerusalém. (9) Ele queimou a casa de Jeová, o palácio do rei e todas as casas de Jerusalém..."
10057,"De qual tribo de Israel Jesus era descendente, sendo chamado de 'o Leão da tribo de Judá'?","Judá","Levi","Benjamim","José","Judá","Hebreus 7:14","Pois é bem claro que o nosso Senhor descendia de Judá..."
10058,"Qual apóstolo inicialmente duvidou da ressurreição de Jesus, dizendo que precisava ver e tocar as marcas dos pregos?","Tomé","Pedro","André","Filipe","Tomé","João 20:25","Por isso, os outros discípulos lhe disseram: “Vimos o Senhor!” Mas ele lhes disse: “A menos que eu veja nas suas mãos a marca dos pregos e ponha o meu dedo na marca dos pregos, e ponha a minha mão no seu lado, de modo algum acreditarei.”"
10059,"Qual era o nome da esposa de Isaque, que foi encontrada por um servo de Abraão perto de um poço?","Rebeca","Sara","Lia","Raquel","Rebeca","Gênesis 24:67","Depois Isaque a levou para a tenda de Sara, sua mãe. Ele tomou Rebeca e ela se tornou sua esposa; e ele a amou."
10060,"Que profeta foi alimentado por corvos perto do riacho de Querite durante uma seca?","Elias","Eliseu","Isaías","Jeremias","Elias","1 Reis 17:5-6","(5) Ele foi imediatamente e fez o que Jeová tinha mandado... (6) Os corvos lhe traziam pão e carne de manhã, e pão e carne à noitinha, e ele bebia do riacho."
10061,"Por quantos dias e noites Jesus jejuou no deserto antes de ser tentado pelo Diabo?","Quarenta","Três","Sete","Doze","Quarenta","Mateus 4:2","Depois de ter jejuado por 40 dias e 40 noites, ele sentiu fome."
10062,"Quem vendeu seu direito de primogênito a seu irmão Jacó por um prato de ensopado?","Esaú","Labão","Ismael","Ló","Esaú","Gênesis 25:33-34","(33) Jacó disse: “Jure-me primeiro!” E ele lhe jurou e vendeu seu direito de primogênito a Jacó. (34) Então Jacó deu a Esaú pão e ensopado de lentilhas..."
10063,"Em que cidade Paulo estava em prisão domiciliar quando escreveu várias de suas cartas, como Efésios e Filipenses?","Roma","Jerusalém","Atenas","Corinto","Roma","Atos 28:30","Assim, ele permaneceu por dois anos inteiros na sua própria casa alugada e recebia bondosamente a todos os que o procuravam."
10064,"Quem era o sumo sacerdote na época do julgamento e da condenação de Jesus?","Caifás","Anás","Zacarias","Abiatar","Caifás","Mateus 26:57","Os que prenderam Jesus o levaram à casa de Caifás, o sumo sacerdote, onde os escribas e os anciãos estavam reunidos."
10065,"Em qual vale ocorreu a famosa batalha entre Davi e Golias?","Vale de Elá","Vale de Jaboque","Vale de Sidim","Vale de Acor","Vale de Elá","1 Samuel 17:2","Saul e os homens de Israel se reuniram e acamparam no vale de Elá, e se puseram em formação de batalha para lutar contra os filisteus."
10066,"Qual das esposas de Jacó ele amou mais, trabalhando 14 anos por ela?","Raquel","Lia","Bila","Zilpa","Raquel","Gênesis 29:30","E ele teve também relações com Raquel e amava mais a Raquel do que a Lia; e trabalhou com Labão por mais sete anos."
10067,"Qual livro da Bíblia é uma coleção de 150 cânticos e orações poéticas?","Salmos","Provérbios","Cânticos","Jó","Salmos","(Introdução ao livro de Salmos)"
10068,"Que autoridade romana lavou as mãos diante da multidão, declarando-se inocente do sangue de Jesus?","Pôncio Pilatos","Herodes Antipas","Félix","Festo","Pôncio Pilatos","Mateus 27:24","Vendo que isso não adiantava nada, mas, ao contrário, estava começando um tumulto, Pilatos pegou água, lavou as mãos diante da multidão e disse: “Sou inocente do sangue deste homem. A responsabilidade é de vocês.”"
10069,"Qual foi o nome do primeiro filho de Adão e Eva?","Caim","Abel","Sete","Enoque","Caim","Gênesis 4:1","Adão teve relações com Eva, sua esposa, e ela ficou grávida. Com o tempo ela deu à luz Caim e disse: “Gerei um filho com a ajuda de Jeová.”"
10070,"Qual livro do Pentateuco trata principalmente de leis sobre sacrifícios, pureza e santidade do povo de Israel?","Levítico","Gênesis","Êxodo","Deuteronômio","Levítico","(Introdução ao livro de Levítico)"
10071,"Quem foi obrigado pelos soldados romanos a ajudar Jesus a carregar a estaca de tortura?","Simão de Cirene","José de Arimateia","Nicodemos","Barrabás","Simão de Cirene","Marcos 15:21","E obrigaram um homem que passava por ali, Simão de Cirene, pai de Alexandre e de Rufo, que vinha do campo, a carregar a estaca de tortura dele."
10072,"Qual foi o nome da torre que homens começaram a construir para 'fazer um nome famoso para si mesmos', resultando na confusão de línguas?","Torre de Babel","Torre de Davi","Torre de Siloé","Torre dos Ventos","Torre de Babel","Gênesis 11:4, 9","(4) Disseram então: “Vamos! Construamos para nós uma cidade e também uma torre com o seu topo nos céus, e façamos um nome famoso para nós...” (9) É por isso que a cidade foi chamada de Babel..."
10073,"Após a pregação de que profeta, o rei de Nínive se arrependeu, cobrindo-se de saco e sentando-se em cinzas?","Jonas","Naum","Sofonias","Amós","Jonas","Jonas 3:6","Quando a notícia chegou ao rei de Nínive, ele se levantou do seu trono, tirou a sua veste real, cobriu-se de saco e se sentou em cinzas."
10074,"Em que jardim Jesus orou intensamente a Jeová antes de ser preso?","Getsêmani","Jardim do Éden","Gólgota","Horto do Rei","Getsêmani","Mateus 26:36","Então Jesus foi com eles a um lugar chamado Getsêmani e disse aos discípulos: “Sentem-se aqui, enquanto eu vou até ali para orar.”"
10075,"Qual autor de Evangelho era médico e acompanhou o apóstolo Paulo em algumas de suas viagens?","Lucas","Mateus","Marcos","João","Lucas","Colossenses 4:14","Lucas, o médico amado, manda lembranças a vocês..."
10076,"Quem decifrou a misteriosa escrita na parede durante o banquete do rei Belsazar?","Daniel","Sadraque","Mesaque","Abednego","Daniel","Daniel 5:12","...portanto, que se chame Daniel, para que ele revele a interpretação."
10077,"Qual é a primeira das bem-aventuranças mencionadas por Jesus no Sermão do Monte?","Felizes os que têm consciência de sua necessidade espiritual","Felizes os que choram","Felizes os de temperamento brando","Felizes os que têm fome e sede de justiça","Felizes os que têm consciência de sua necessidade espiritual","Mateus 5:3","“Felizes os que têm consciência de sua necessidade espiritual, pois a eles pertence o Reino dos céus.”"
10078,"Quem era o avô do Rei Davi?","Obede","Jessé","Boaz","Salmom","Obede","Rute 4:17","As vizinhas lhe deram um nome, dizendo: “Nasceu um filho a Noemi.” E o chamaram de Obede. Ele é o pai de Jessé, pai de Davi."
10079,"Qual era o nome da mulher que morava em Jericó e escondeu os dois espiões israelitas?","Raabe","Débora","Jael","Rute","Raabe","Josué 2:1, 4","(1) ...Josué, filho de Num, enviou secretamente de Sitim dois homens como espiões, dizendo: “Vão e observem a terra e Jericó.” ...e entraram na casa de uma prostituta chamada Raabe... (4) Nesse meio-tempo, a mulher escondeu os dois homens."
10080,"Qual apóstolo começou a andar sobre as águas em direção a Jesus, mas depois ficou com medo e começou a afundar?","Pedro","João","Tiago","André","Pedro","Mateus 14:29-30","(29) Ele disse: “Venha!” Então Pedro desceu do barco e andou sobre as águas, e foi em direção a Jesus. (30) Mas, olhando para a tempestade de vento, ficou com medo. E, começando a afundar, gritou: “Senhor, salve-me!”"
10081,"Quantos livros das Crônicas existem nas Escrituras Hebraicas?","Dois (1 e 2 Crônicas)","Um","Três","Quatro","Dois (1 e 2 Crônicas)","(Estrutura da Bíblia)"
10082,"Quem era o pai de Abrão (mais tarde Abraão)?","Tera","Naor","Harã","Ló","Tera","Gênesis 11:26","Tera viveu 70 anos e depois se tornou pai de Abrão, de Naor e de Harã."
10083,"Quem foi um dos principais companheiros de viagem missionária de Paulo, sendo preso com ele em Filipos?","Silas","Barnabé","Timóteo","Lucas","Silas","Atos 16:25","Por volta da meia-noite, Paulo e Silas estavam orando e louvando a Deus com cânticos, e os outros presos os escutavam."
10084,"Qual festa anual os israelitas celebravam para lembrar sua libertação da escravidão no Egito?","Páscoa","Pentecostes","Festividade das Barracas","Purim","Páscoa","Êxodo 12:27","...vocês devem dizer: ‘Este é o sacrifício da Páscoa a Jeová, que passou por cima das casas dos israelitas no Egito quando feriu os egípcios, mas livrou as nossas casas.’”"
10085,"A que profeta Jeová mostrou uma visão de um vale cheio de ossos secos que voltaram a viver?","Ezequiel","Isaías","Jeremias","Daniel","Ezequiel","Ezequiel 37:1, 4-5","(1) A mão de Jeová veio sobre mim... e me pôs no meio de um vale que estava cheio de ossos. (4) Então ele me disse: “Profetize a estes ossos... (5) Assim diz o Soberano Senhor Jeová a estes ossos: ‘Farei entrar em vocês fôlego de vida, e vocês voltarão a viver.’”"
10086,"Que homem rico e membro do Sinédrio pediu o corpo de Jesus a Pilatos e o sepultou em seu próprio túmulo novo?","José de Arimateia","Nicodemos","Lázaro","Zaqueu","José de Arimateia","Mateus 27:57-60","(57) Ao entardecer, veio um homem rico de Arimateia, chamado José, que também tinha se tornado discípulo de Jesus. (58) Esse homem foi até Pilatos e pediu o corpo de Jesus... (60) e o deitou no seu túmulo novo, que ele havia escavado na rocha."
10087,"Qual era a nacionalidade de Rute, que se tornou ancestral de Davi?","Moabita","Israelita","Egípcia","Cananeia","Moabita","Rute 1:4","Eles se casaram com mulheres moabitas. O nome de uma era Orfa, e o da outra, Rute."
10088,"Que profeta desafiou 450 profetas de Baal no monte Carmelo para provar quem era o Deus verdadeiro?","Elias","Eliseu","Moisés","Samuel","Elias","1 Reis 18:22, 38","(22) Elias disse então ao povo: “Somente eu restei como profeta de Jeová, ao passo que os profetas de Baal são 450 homens.” ... (38) Nisso caiu fogo da parte de Jeová e consumiu a oferta queimada..."
10089,"Qual era o nome da esposa de Nabal, que agiu com sabedoria para evitar que Davi se vingasse de seu marido insensato?","Abigail","Mical","Bate-Seba","Ainoã","Abigail","1 Samuel 25:3, 32-33","(3) O homem se chamava Nabal, e sua esposa, Abigail... (32) Davi disse então a Abigail: “Louvado seja Jeová, o Deus de Israel, que hoje a enviou ao meu encontro! (33) Bendita seja a sua sensatez...”"
10090,"Qual filho de Isaque e Rebeca teve seu nome mudado para Israel depois de lutar com um anjo?","Jacó","Esaú","José","Judá","Jacó","Gênesis 32:28","Então o homem disse: “Seu nome não será mais Jacó, mas sim Israel, pois você lutou com Deus e com homens, e por fim venceu.”"
10091,"Quantos leprosos Jesus curou de uma só vez, dos quais apenas um, um samaritano, voltou para agradecer?","Dez","Doze","Sete","Três","Dez","Lucas 17:12, 17","(12) ...dez leprosos o encontraram... (17) Em resposta, Jesus disse: “Os dez foram purificados, não foram? Onde estão, então, os outros nove?”"
10092,"Quem foi o primeiro rei do reino de dez tribos de Israel, após a divisão da nação?","Jeroboão","Roboão","Saul","Davi","Jeroboão","1 Reis 12:20","Assim que todo o Israel soube que Jeroboão tinha voltado, eles o convocaram... e o fizeram rei sobre todo o Israel."
10093,"Quem foi o autor humano do livro de Apocalipse (Revelação)?","Apóstolo João","Apóstolo Paulo","Apóstolo Pedro","Tiago, irmão de Jesus","Apóstolo João","Apocalipse 1:1","Revelação de Jesus Cristo, que Deus lhe deu... E ele enviou o seu anjo e, por meio dele, a apresentou em sinais ao seu escravo João."
10094,"Qual era o nome do amigo de Jesus que ele ressuscitou dos mortos em Betânia?","Lázaro","Simão","Judas","André","Lázaro","João 11:43-44","(43) Depois de dizer essas coisas, ele gritou com voz alta: “Lázaro, venha para fora!” (44) O homem que estava morto saiu..."
10095,"Que juiz fez um voto precipitado que o levou a oferecer sua filha em serviço no tabernáculo?","Jefté","Gideão","Sansão","Samuel","Jefté","Juízes 11:30-31, 34-35","(30) Jefté fez então o seguinte voto a Jeová: “Se me entregares os amonitas, (31) aquele que sair da porta da minha casa para me encontrar... pertencerá a Jeová...” (34) Quando Jefté voltou para casa, em Mispá, eis que a sua filha vinha ao seu encontro... (35) ...ele rasgou as suas roupas e disse: “Ah, minha filha! Você partiu o meu coração.”"
10096,"Para qual rei Jeová deu um sinal milagroso, fazendo a sombra do sol retroceder dez degraus?","Ezequias","Josias","Acaz","Salomão","Ezequias","2 Reis 20:9-11","(9) Isaías respondeu: “Este é o sinal da parte de Jeová... farei a sombra retroceder dez degraus?”... (11) Então o profeta Isaías clamou a Jeová, e Ele fez a sombra... retroceder dez degraus."
10097,"Qual evangelizador explicou uma profecia de Isaías a um oficial etíope, levando ao seu batismo?","Filipe","Estêvão","Prócoro","Nicanor","Filipe","Atos 8:30, 35","(30) Filipe correu ao lado do carro e o ouviu lendo em voz alta o profeta Isaías... (35) Filipe começou a falar e, começando com essa passagem das Escrituras, declarou-lhe as boas novas a respeito de Jesus."
10098,"Qual livro descreve a liderança na reconstrução dos muros de Jerusalém em meio a grande oposição?","Neemias","Esdras","Ageu","Zacarias","Neemias","Neemias 6:15","Por fim, a muralha ficou pronta no dia 25 de elul, em 52 dias."
10099,"Qual era o nome da esposa de Ananias, que também morreu por mentir ao espírito santo sobre a venda de uma propriedade?","Safira","Priscila","Lídia","Dorcas","Safira","Atos 5:1, 7, 10","(1) No entanto, um homem chamado Ananias, junto com sua esposa, Safira, vendeu uma propriedade... (7) Cerca de três horas depois, sua esposa entrou, sem saber o que tinha acontecido... (10) No mesmo instante, ela caiu aos pés dele e morreu."
10100,"Qual é o Salmo que começa com as palavras: “Jeová é o meu Pastor. Nada me faltará”?","Salmo 23","Salmo 91","Salmo 1","Salmo 121","Salmo 23","Salmo 23:1","Jeová é o meu Pastor. Nada me faltará."
10101,"Quem era o pai de Davi?","Jessé","Boaz","Obede","Salmom","Jessé","1 Samuel 16:1","Jeová disse a Samuel: “...Encha seu chifre de óleo e vá. Eu o enviarei a Jessé, o belemita, pois escolhi um dos seus filhos para ser rei.”"
10102,"Qual foi a primeira cidade que os israelitas conquistaram ao entrar na Terra Prometida?","Jericó","Ai","Hebrom","Laquis","Jericó","Josué 6:20","...quando o povo ouviu o som da buzina e soltou um alto grito de guerra, a muralha de Jericó ruiu totalmente."
10103,"Que profeta escreveu sobre o 'Servo' de Jeová que seria 'traspassado pela nossa transgressão'?","Isaías","Jeremias","Ezequiel","Daniel","Isaías","Isaías 53:5","Mas ele foi traspassado pela nossa transgressão; foi esmagado pelos nossos erros."
10104,"Quem foi escolhido pelos apóstolos para substituir Judas Iscariotes, tornando-se um dos Doze?","Matias","Barnabé","Silas","Justo","Matias","Atos 1:26","Então lançaram sortes sobre eles, e a sorte caiu em Matias; e ele foi contado junto com os onze apóstolos."
10105,"Qual era o nome original de Abraão antes de Deus o mudar?","Abrão","Jacó","Isaque","Eliezer","Abrão","Gênesis 17:5","Seu nome não será mais Abrão, mas seu nome será Abraão, pois farei de você pai de uma multidão de nações."
10106,"Que rainha foi deposta pelo rei Assuero por se recusar a obedecer a uma ordem dele?","Vasti","Jezabel","Atalia","Herodias","Vasti","Ester 1:12, 19","(12) Mas a rainha Vasti persistiu em não ir... (19) ...que Vasti nunca mais apareça diante do rei Assuero; e que o rei dê a posição de rainha dela a outra mulher..."
10107,"Que profeta era originalmente um criador de ovelhas e trabalhador em sicômoros?","Amós","Oseias","Joel","Miqueias","Amós","Amós 7:14","Amós respondeu a Amazias: “Eu não era profeta, nem filho de profeta; mas eu era criador de gado e cuidava de sicômoros.”"
10108,"Qual o nome do primeiro filho de Moisés, nascido em Midiã?","Gérson","Eleazar","Itamar","Fineias","Gérson","Êxodo 2:22","Ela deu à luz um filho, e ele o chamou de Gérson, pois disse: “Tornei-me residente estrangeiro numa terra estrangeira.”"
10109,"Qual apóstolo era irmão de Simão Pedro?","André","Tiago","João","Filipe","André","Mateus 4:18","Andando à beira do mar da Galileia, ele viu dois irmãos, Simão, que é chamado Pedro, e André, seu irmão..."
10110,"Em que monte o profeta Elias desafiou os profetas de Baal?","Monte Carmelo","Monte Sinai","Monte das Oliveiras","Monte Hermom","Monte Carmelo","1 Reis 18:19","Agora, convoque todo o Israel para se encontrar comigo no monte Carmelo, e também os 450 profetas de Baal..."
10111,"Que rei persa emitiu um decreto permitindo que os judeus voltassem a Jerusalém para reconstruir o templo?","Ciro","Dario","Artaxerxes","Assuero","Ciro","Esdras 1:1-2","(1) No primeiro ano de Ciro, rei da Pérsia... Jeová despertou o espírito de Ciro... (2) “Assim diz Ciro, rei da Pérsia: ‘Jeová... me encarregou de lhe construir uma casa em Jerusalém...’”"
10112,"Que profeta, conhecido como o 'profeta chorão', advertiu sobre a destruição de Jerusalém?","Jeremias","Isaías","Ezequiel","Daniel","Jeremias","(Introdução ao livro de Jeremias)"
10113,"Qual das Marias ungiu os pés de Jesus com um caro óleo perfumado em Betânia?","Maria, irmã de Lázaro","Maria Madalena","Maria, mãe de Jesus","Maria, mãe de Tiago","Maria, irmã de Lázaro","João 12:3","Então Maria pegou quase meio litro de óleo perfumado, nardo puro, muito caro, e ungiu os pés de Jesus e os enxugou com os seus cabelos."
10114,"Em que livro se encontra a famosa passagem: “Para tudo há um tempo determinado”?","Eclesiastes","Provérbios","Cânticos","Jó","Eclesiastes","Eclesiastes 3:1","Para tudo há um tempo determinado; sim, há um tempo para todo assunto debaixo dos céus."
10115,"Quem foi o primeiro rei do reino de duas tribos de Judá, após a divisão do reino?","Roboão","Jeroboão","Salomão","Asa","Roboão","1 Reis 12:17","Mas Roboão continuou a reinar sobre os israelitas que moravam nas cidades de Judá."
10116,"Que fariseu e membro do Sinédrio procurou Jesus à noite para aprender com ele?","Nicodemos","Gamaliel","Simão","José de Arimateia","Nicodemos","João 3:1-2","(1) Havia um fariseu chamado Nicodemos, um dos líderes dos judeus. (2) Ele foi até Jesus, à noite, e lhe disse: “Rabi, sabemos que o senhor veio de Deus como instrutor...”"
10117,"Qual era o nome da arca sagrada que continha as tábuas dos Dez Mandamentos?","Arca do Pacto","Arca de Noé","Cesta de Moisés","Baú do Tesouro","Arca do Pacto","Êxodo 25:10, 16","(10) “Eles devem fazer uma arca de madeira de acácia... (16) E você porá na Arca o Testemunho que eu lhe darei.”"
10118,"Que profeta predisse o derramamento do espírito de Deus sobre 'todo tipo de pessoas', cumprido no Pentecostes?","Joel","Amós","Obadias","Jonas","Joel","Joel 2:28","“Depois disso, derramarei o meu espírito sobre todo tipo de pessoas, e os filhos e as filhas de vocês profetizarão...”"
10119,"Quem é chamado de 'pai de todos os que têm fé'?","Abraão","Moisés","Noé","Davi","Abraão","Romanos 4:11","...a fim de que ele fosse o pai de todos os que têm fé enquanto incircuncisos..."
10120,"Em que cidade Jesus cresceu, sendo por isso conhecido como 'o Nazareno'?","Nazaré","Belém","Jerusalém","Cafarnaum","Nazaré","Mateus 2:23","e foi morar numa cidade chamada Nazaré, para que se cumprisse o que foi dito por meio dos profetas: “Ele será chamado Nazareno.”"
10121,"A fé de quem foi severamente provada pela perda de seus filhos, bens e saúde?","Jó","Ló","Abraão","Jacó","Jó","Jó 1:13, 19; 2:7","(13) Certo dia... (19) ...desabou sobre os jovens, e eles morreram... (2:7) Então Satanás... atacou Jó com furúnculos dolorosos, desde a sola dos pés até o alto da cabeça."
10122,"Em que rio Naamã, o chefe do exército sírio, teve que mergulhar sete vezes para ser curado da lepra?","Rio Jordão","Rio Nilo","Rio Eufrates","Rio Tigre","Rio Jordão","2 Reis 5:14","Então ele desceu e mergulhou sete vezes no Jordão, conforme a palavra do homem do verdadeiro Deus; e sua carne se tornou como a carne de um menino, e ele ficou puro."
10123,"Em que ilha o apóstolo João estava exilado quando recebeu a revelação do Apocalipse?","Patmos","Creta","Chipre","Malta","Patmos","Apocalipse 1:9","Eu, João, irmão de vocês... estava na ilha chamada Patmos, por ter falado a respeito de Deus e por ter dado testemunho de Jesus."
10124,"Qual era o nome do filho do Rei Saul que se tornou um amigo muito leal de Davi?","Jonatã","Is-Bosete","Abner","Mefibosete","Jonatã","1 Samuel 18:1","Assim que Davi acabou de falar com Saul, surgiu uma forte amizade entre Jonatã e Davi, e Jonatã começou a amá-lo como a si mesmo."
10125,"Que profeta, quando ainda era menino, ouviu a voz de Jeová chamando-o no tabernáculo?","Samuel","Jeremias","Isaías","Daniel","Samuel","1 Samuel 3:4, 10","(4) Jeová chamou Samuel. Ele respondeu: “Estou aqui.” ... (10) Então Jeová veio, ficou ali e chamou como das outras vezes: “Samuel, Samuel!” Samuel respondeu: “Fala, pois o teu servo está escutando.”"
10126,"Qual parábola de Jesus ensina sobre a importância de ajudar o próximo, independentemente de sua nacionalidade?","A parábola do bom samaritano","A parábola do filho pródigo","A parábola do semeador","A parábola do joio e do trigo","A parábola do bom samaritano","Lucas 10:30, 33-34","(30) Jesus respondeu: “Certo homem... caiu nas mãos de ladrões... (33) No entanto, certo samaritano... o viu e teve pena. (34) Assim, aproximou-se dele e enfaixou suas feridas...”"
10127,"Que rei orgulhoso foi humilhado por Deus, passando a viver como um animal por sete anos?","Nabucodonosor","Belsazar","Dario","Faraó","Nabucodonosor","Daniel 4:33","Naquele mesmo instante cumpriu-se a palavra a respeito de Nabucodonosor. Ele foi expulso do meio dos homens e passou a comer vegetação como os touros, e seu corpo ficou molhado com o orvalho dos céus, até que seu cabelo ficou comprido como penas de águia e suas unhas, como garras de aves."
10128,"Qual mulher moabita demonstrou amor leal por sua sogra, Noemi, e se tornou ancestral de Jesus?","Rute","Raabe","Tamar","Bate-Seba","Rute","Rute 1:16","Mas Rute disse: “Não insista para que eu o abandone... Aonde o senhor for, eu irei... O seu povo será o meu povo, e o seu Deus, o meu Deus.”"
10129,"Qual dos doze apóstolos era conhecido como 'o Zelote'?","Simão","Judas Tadeu","Tiago, filho de Alfeu","Mateus","Simão","Lucas 6:15","...e Simão, o chamado zelote,"
10130,"Em que monte Abraão demonstrou sua fé ao estar disposto a sacrificar seu filho Isaque?","Monte Moriá","Monte Sinai","Monte Horebe","Monte Carmelo","Monte Moriá","Gênesis 22:2","Então Deus disse: “Por favor, pegue seu filho, seu único filho, a quem você tanto ama, Isaque, e viaje para a terra de Moriá. Ali você o oferecerá como oferta queimada num dos montes que eu lhe mostrarei.”"
10131,"Qual era o nome da esposa de Urias, com quem o Rei Davi cometeu adultério?","Bate-Seba","Mical","Abigail","Ainoã","Bate-Seba","2 Samuel 11:2-3","(2) ...do terraço ele viu uma mulher muito bonita se banhando. (3) Davi mandou que procurassem saber quem era a mulher, e lhe disseram: “É Bate-Seba, filha de Eliã, esposa de Urias, o hitita.”"
10132,"Qual festividade, 50 dias após a Páscoa, celebrava a entrega da Lei a Moisés e o derramamento do espírito santo em 33 EC?","Pentecostes","Festividade das Barracas","Páscoa","Purim","Pentecostes","Atos 2:1","No dia da Festividade de Pentecostes, estavam todos juntos no mesmo lugar."
10133,"Qual profeta escreveu o livro mais curto das Escrituras Hebraicas, com apenas um capítulo?","Obadias","Ageu","Naum","Sofonias","Obadias","(Livro de Obadias)"
10134,"Qual casal, fabricantes de tendas como Paulo, se tornaram seus colaboradores próximos?","Áquila e Priscila","Ananias e Safira","Filemom e Áfia","Jasão e sua família","Áquila e Priscila","Atos 18:2-3","(2) Ali ele encontrou um judeu chamado Áquila... junto com sua esposa, Priscila... (3) e, visto que tinham a mesma profissão, ficou na casa deles e trabalhava com eles, pois a profissão deles era fabricar tendas."
10135,"Quem foi o último rei de Judá a reinar em Jerusalém antes da destruição da cidade por Babilônia?","Zedequias","Jeoaquim","Jeconias","Josias","Zedequias","2 Reis 24:18, 25:7","(24:18) Zedequias tinha 21 anos quando começou a reinar, e reinou por 11 anos em Jerusalém... (25:7) ...e cegaram os olhos de Zedequias. Depois o prenderam com correntes de cobre e o levaram para Babilônia."
10136,"Qual dos quatro Evangelhos começa com a genealogia de Jesus, traçando sua linhagem desde Abraão?","Mateus","Marcos","Lucas","João","Mateus","Mateus 1:1","O livro da história de Jesus Cristo, filho de Davi, filho de Abraão."
10137,"Quais foram os três hebreus que foram lançados numa fornalha superaquecida, mas saíram ilesos?","Sadraque, Mesaque e Abednego","Daniel, Hananias e Misael","Elias, Eliseu e Geazi","Josué, Calebe e Fineias","Sadraque, Mesaque e Abednego","Daniel 3:23, 27","(23) Mas esses três homens, Sadraque, Mesaque e Abednego, caíram amarrados na fornalha de fogo superaquecida. (27) ...viram que o fogo não tinha tido nenhum poder sobre o corpo daqueles homens..."
10138,"Quem era o filho aleijado de Jonatã, a quem Davi mostrou bondade leal por causa de sua amizade com Jonatã?","Mefibosete","Mica","Meribe-Baal","Is-Bosete","Mefibosete","2 Samuel 9:6-7","(6) Quando Mefibosete, filho de Jonatã, filho de Saul, chegou perante Davi, prostrou-se imediatamente com o rosto em terra. Davi disse: “Mefibosete!”, ao que ele respondeu: “Aqui está o seu servo.” (7) Davi lhe disse: “...mostrarei bondade leal a você por causa de Jonatã, seu pai...”"
10139,"Qual mulher, vendedora de púrpura em Filipos, se tornou cristã e ofereceu hospitalidade a Paulo e seus companheiros?","Lídia","Dorcas","Febe","Evódia","Lídia","Atos 16:14-15","(14) Certa mulher chamada Lídia, vendedora de púrpura, da cidade de Tiatira, e que era adoradora de Deus, estava escutando, e Jeová abriu o coração dela... (15) Quando ela e os da sua casa foram batizados, ela nos pediu com insistência: “Se os senhores me julgaram fiel a Jeová, entrem e fiquem na minha casa.”"
10140,"Qual livro é uma coleção de declarações sábias, muitas delas atribuídas a Salomão?","Provérbios","Eclesiastes","Jó","Salmos","Provérbios","Provérbios 1:1","Os provérbios de Salomão, filho de Davi, rei de Israel."
10141,"Onde Jacó lutou com um anjo até o amanhecer?","Peniel","Betel","Hebrom","Siquém","Peniel","Gênesis 32:24, 30","(24) Por fim, Jacó ficou sozinho. Então um homem começou a lutar com ele até o amanhecer. (30) Por isso Jacó chamou o lugar de Peniel, pois disse: “Vi a Deus face a face e, ainda assim, minha vida foi poupada.”"
10142,"Quem sucedeu Elias como principal profeta em Israel?","Eliseu","Isaías","Amós","Jonas","Eliseu","2 Reis 2:15","Quando os filhos dos profetas que estavam em Jericó o viram de certa distância, disseram: “O espírito de Elias pousou sobre Eliseu.”"
10143,"Qual era o nome da irmã de Moisés e Arão?","Miriã","Zípora","Joquebede","Eliseba","Miriã","Êxodo 15:20","Então Miriã, a profetisa, irmã de Arão, pegou um pandeiro na mão, e todas as mulheres a acompanharam com pandeiros e com danças."
10144,"Que governante mandou decapitar João Batista para atender ao pedido de sua enteada?","Herodes Antipas","Herodes, o Grande","Pôncio Pilatos","Filipe","Herodes Antipas","Marcos 6:27-28","(27) O rei mandou imediatamente um guarda e ordenou que ele trouxesse a cabeça de João. Assim, ele foi e o decapitou na prisão, (28) e trouxe a cabeça dele numa bandeja."
10145,"Qual parábola ilustra a alegria de Deus quando um pecador se arrepende?","A parábola do filho pródigo","A parábola do bom samaritano","A parábola dos talentos","A parábola da ovelha perdida","A parábola do filho pródigo","Lucas 15:24","pois este meu filho estava morto e voltou a viver; estava perdido e foi achado. E começaram a se alegrar."
10146,"Qual general sírio foi curado da lepra após obedecer à instrução do profeta Eliseu?","Naamã","Ben-Hadade","Hazael","Rezom","Naamã","2 Reis 5:1, 14","(1) Naamã, chefe do exército do rei da Síria... era leproso. (14) Então ele desceu e mergulhou sete vezes no Jordão... e sua carne se tornou como a carne de um menino, e ele ficou puro."
10147,"Em qual carta de Paulo encontramos a descrição do 'fruto do espírito'?","Gálatas","Efésios","Filipenses","Colossenses","Gálatas","Gálatas 5:22-23","Por outro lado, o fruto do espírito é: amor, alegria, paz, paciência, bondade, benignidade, fé, brandura, autodomínio."
10148,"Quem foi o primeiro rei sobre a nação unida de Israel?","Saul","Davi","Salomão","Roboão","Saul","Atos 13:21","Mas, a partir daquele momento, eles pediram um rei, e Deus lhes deu Saul, filho de Cis, homem da tribo de Benjamim, por 40 anos."
10149,"Que profeta confrontou o Rei Acabe e sua esposa Jezabel por causa da adoração a Baal?","Elias","Micaías","Oseias","Amós","Elias","1 Reis 18:18","Ele respondeu: “Não fui eu que trouxe calamidade sobre Israel, mas sim você e a casa do seu pai, por terem abandonado os mandamentos de Jeová e seguido os baalins.”"
10150,"Qual livro narra a história da criação dos céus e da terra?","Gênesis","Êxodo","Salmos","Isaías","Gênesis","Gênesis 1:1","No princípio Deus criou os céus e a terra."
10151,"Qual era o nome da serva egípcia de Sara que se tornou mãe de Ismael?","Agar","Quetura","Bila","Zilpa","Agar","Gênesis 16:15","Assim, Agar deu um filho a Abrão, e Abrão chamou seu filho, que Agar lhe deu, de Ismael."
10152,"Que jovem adormeceu durante um longo discurso de Paulo, caiu de uma janela e foi ressuscitado?","Êutico","Timóteo","Tito","Trófimo","Êutico","Atos 20:9-10","(9) ...um jovem chamado Êutico... adormeceu profundamente enquanto Paulo ainda falava. Dominado pelo sono, ele caiu do terceiro andar... e foi levantado morto. (10) Mas Paulo desceu, debruçou-se sobre ele, abraçou-o e disse: “Parem de fazer essa confusão, pois ele está vivo.”"
10153,"Em qual monte Jeová deu os Dez Mandamentos a Moisés?","Monte Sinai (Horebe)","Monte das Oliveiras","Monte Carmelo","Monte Nebo","Monte Sinai (Horebe)","Êxodo 19:20","Jeová desceu sobre o cume do monte Sinai. Então Jeová chamou Moisés ao cume do monte, e Moisés subiu."
10154,"Qual apóstolo era irmão de Tiago e filho de Zebedeu?","João","Pedro","André","Mateus","João","Mateus 4:21","Indo mais adiante, ele viu outros dois irmãos, Tiago, filho de Zebedeu, e seu irmão João. Eles estavam no barco com Zebedeu, seu pai, consertando as suas redes, e Jesus os chamou."
10155,"Que livro descreve a libertação dos israelitas da escravidão no Egito?","Êxodo","Gênesis","Levítico","Números","Êxodo","(Introdução ao livro de Êxodo)"
10156,"Que rei de Judá encontrou 'o próprio livro da Lei' no templo e promoveu uma grande reforma religiosa?","Josias","Ezequias","Asa","Josafá","Josias","2 Reis 22:8, 23:3","(22:8) Então o sumo sacerdote Hilquias disse a Safã, o secretário: “Achei o próprio livro da Lei na casa de Jeová.” (23:3) ...o rei fez um pacto perante Jeová, de que seguiria a Jeová... cumprindo as palavras daquele pacto, que estavam escritas naquele livro."
10157,"Qual mulher em Jope, conhecida por suas 'boas obras e pelas dádivas de misericórdia', foi ressuscitada por Pedro?","Tabita (Dorcas)","Lídia","Priscila","Febe","Tabita (Dorcas)","Atos 9:36, 40","(36) Em Jope havia uma discípula chamada Tabita, que, traduzido, significa Dorcas... (40) Pedro... ajoelhou-se, orou e, virando-se para o corpo, disse: “Tabita, levante-se!” Ela abriu os olhos e, vendo Pedro, sentou-se."
10158,"Qual livro poético lamenta a destruição de Jerusalém pelos babilônios?","Lamentações","Jeremias","Ezequiel","Isaías","Lamentações","Lamentações 1:1","Como está solitária a cidade que antes era tão populosa! Tornou-se como uma viúva..."
10159,"Quem tentou comprar dos apóstolos o poder de conceder espírito santo?","Simão, o mago","Elimas","Ananias","Fileto","Simão, o mago","Atos 8:18-19","(18) Quando Simão viu que o espírito era dado pela imposição das mãos dos apóstolos, ofereceu-lhes dinheiro, (19) dizendo: “Deem-me também essa autoridade...”"
10160,"Qual filho de Davi e Bate-Seba o sucedeu como rei de Israel?","Salomão","Absalão","Adonias","Amnom","Salomão","1 Reis 1:30","...Salomão, seu filho, reinará depois de mim, e é ele quem se sentará no meu trono em meu lugar."
10161,"Com que mulher o profeta Oseias se casou, como símbolo da relação de Jeová com o infiel Israel?","Gômer","Jezabel","Atalia","Dalila","Gômer","Oseias 1:3","Então ele foi e tomou Gômer, filha de Diblaim, e ela ficou grávida e lhe deu um filho."
10162,"A fé de qual oficial do exército romano, que pediu a cura de seu servo, deixou Jesus maravilhado?","Não é nomeado","Cornélio","Júlio","Longo","Não é nomeado","Mateus 8:10","Ao ouvir isso, Jesus ficou maravilhado e disse aos que o seguiam: “Eu lhes digo a verdade: em Israel não achei ninguém com tamanha fé.”"
10163,"Para quem Paulo escreveu uma carta pessoal pedindo que perdoasse e recebesse de volta seu escravo fugitivo, Onésimo?","Filemom","Tito","Timóteo","Árquipo","Filemom","Filemom 10-12","(10) ...lhe faço um apelo a favor do meu filho, Onésimo, de quem me tornei pai enquanto estava na prisão... (12) Estou enviando-o de volta a você, sim, a ele, que é o meu próprio coração."
10164,"Qual é o nome simbólico do lugar da 'guerra do grande dia de Deus, o Todo-Poderoso'?","Armagedom (Har-Magedon)","Gogue e Magogue","Vale de Josafá","Babilônia","Armagedom (Har-Magedon)","Apocalipse 16:14, 16","(14) ...para ajuntá-los para a guerra do grande dia de Deus, o Todo-Poderoso. (16) E eles os ajuntaram no lugar que em hebraico se chama Har-Magedon."
10165,"Quais dois profetas incentivaram os judeus a retomar a reconstrução do templo após retornarem do exílio?","Ageu e Zacarias","Isaías e Jeremias","Esdras e Neemias","Joel e Amós","Ageu e Zacarias","Esdras 5:1","Os profetas Ageu e Zacarias, neto de Ido, profetizaram aos judeus que estavam em Judá e em Jerusalém..."
10166,"A qual apóstolo Jesus disse: 'Você é Pedro, e sobre esta rocha construirei a minha congregação'?","Pedro","Tiago","João","André","Pedro","Mateus 16:18","E eu lhe digo: Você é Pedro, e sobre esta rocha construirei a minha congregação, e os portões da Sepultura não a vencerão."
10167,"Qual foi o primeiro filho de Jacó com Lia?","Rúben","Simeão","Levi","Judá","Rúben","Gênesis 29:32","Lia ficou grávida e deu à luz um filho, e o chamou de Rúben, pois disse: “É porque Jeová viu a minha aflição...”"
10168,"Qual festividade exigia que os israelitas morassem em barracas por sete dias para se lembrarem de sua jornada no deserto?","Festividade das Barracas (Sucot)","Páscoa","Pentecostes","Purim","Festividade das Barracas (Sucot)","Levítico 23:42","Vocês devem morar em barracas por sete dias. Todos os israelitas nativos devem morar em barracas."
10169,"Que profeta predisse que o Messias nasceria em 'Belém Efrata'?","Miqueias","Isaías","Jeremias","Zacarias","Miqueias","Miqueias 5:2","“E você, Belém Efrata, pequena demais para figurar entre os milhares de Judá, de você sairá para mim aquele que será o governante em Israel...”"
10170,"Qual companheiro de viagem de Paulo era conhecido como 'o médico amado'?","Lucas","Marcos","Timóteo","Tito","Lucas","Colossenses 4:14","Lucas, o médico amado, manda lembranças a vocês..."
10171,"Qual filho de Noé foi amaldiçoado por desrespeitar seu pai?","Cam","Sem","Jafé","Canaã","Cam","Gênesis 9:22, 25","(22) Cam, pai de Canaã, viu a nudez do seu pai e foi contar isso aos seus dois irmãos lá fora. (25) Com isso ele disse: “Maldito seja Canaã. Torne-se ele o mais humilde escravo dos seus irmãos.”"
10172,"Quem era a mãe de Jacó e Esaú?","Rebeca","Sara","Lia","Raquel","Rebeca","Gênesis 25:21, 28","(21) Isaque orava insistentemente a Jeová a favor de sua esposa, pois ela era estéril; e Jeová ouviu a sua súplica, e Rebeca, sua esposa, ficou grávida. (28) Isaque amava Esaú... mas Rebeca amava Jacó."
10173,"Em qual livro encontramos a história do juiz Sansão e sua força sobrenatural?","Juízes","Josué","Rute","1 Samuel","Juízes","(Juízes, capítulos 13-16)"
10174,"Quem foi o primeiro oficial do exército romano não judeu a se tornar cristão, conforme o relato de Atos?","Cornélio","Júlio","Sérgio Paulo","Longo","Cornélio","Atos 10:1-2, 44-45","(1) Em Cesareia havia um homem chamado Cornélio, oficial do exército... (2) Ele era um homem devoto... (44) Enquanto Pedro ainda falava... o espírito santo foi derramado sobre pessoas das nações... (45) ...que tinham vindo com Pedro, ficaram admirados."
10175,"A que rei de Judá Jeová acrescentou 15 anos de vida após ele orar fervorosamente durante uma doença mortal?","Ezequias","Josafá","Uzias","Manassés","Ezequias","2 Reis 20:1, 5-6","(1) Naqueles dias, Ezequias ficou doente e estava para morrer... (5) “...Ouvi a sua oração. Vi as suas lágrimas. Eu o curarei... (6) Acrescentarei 15 anos à sua vida...”"
10176,"Qual carta de Paulo explica detalhadamente a doutrina da justificação, ou de ser declarado justo, pela fé?","Romanos","Gálatas","Efésios","Hebreus","Romanos","Romanos 3:28","Pois sustentamos que o homem é declarado justo pela fé, à parte das obras da Lei."
10177,"Que profeta, levado cativo para Babilônia, teve visões notáveis junto ao rio Quebar?","Ezequiel","Daniel","Jeremias","Obadias","Ezequiel","Ezequiel 1:1, 3","(1) ...enquanto eu estava junto ao rio Quebar... os céus se abriram e comecei a ter visões de Deus. (3) A palavra de Jeová veio especificamente a Ezequiel..."
10178,"Quem foi o principal artesão designado por Deus para supervisionar a construção do tabernáculo?","Bezalel","Aoliabe","Hur","Nadabe","Bezalel","Êxodo 31:1-3","(1) Jeová disse ainda a Moisés: (2) “Veja, eu escolhi Bezalel... (3) Eu o encherei do espírito de Deus, dando-lhe sabedoria, entendimento, conhecimento e perícia para todo tipo de artesanato...”"
10179,"Qual carta de Paulo adverte fortemente os cristãos a não voltarem a estar 'sujeitos a um jugo de escravidão' da Lei Mosaica?","Gálatas","Romanos","Colossenses","Hebreus","Gálatas","Gálatas 5:1","Para tal liberdade Cristo nos libertou. Portanto, permaneçam firmes e não se deixem submeter novamente a um jugo de escravidão."
10180,"Onde Jesus proferiu seu famoso Sermão, que inclui as bem-aventuranças?","Num monte","No templo","Num barco","Numa sinagoga","Num monte","Mateus 5:1","Quando viu as multidões, subiu o monte; e, depois de se sentar, seus discípulos se aproximaram dele."
10181,"Qual era o nome da esposa de Moisés, filha de um sacerdote de Midiã?","Zípora","Miriã","Joquebede","Eliseba","Zípora","Êxodo 2:21","Moisés consentiu em morar com o homem, e este lhe deu sua filha Zípora por esposa."
10182,"Qual livro narra o período turbulento em que 'cada um fazia o que era certo aos seus próprios olhos' em Israel?","Juízes","Josué","1 Samuel","2 Samuel","Juízes","Juízes 21:25","Naqueles dias não havia rei em Israel. Cada um fazia o que era certo aos seus próprios olhos."
10183,"Que profeta anunciou um 'novo pacto' que Deus faria com seu povo, um pacto escrito em seus corações?","Jeremias","Isaías","Ezequiel","Oseias","Jeremias","Jeremias 31:31, 33","(31) “Vejam! Virão dias”, diz Jeová, “em que farei um novo pacto... (33) ...Porei a minha lei no seu íntimo e a escreverei no seu coração.”"
10184,"Quem foram os primeiros missionários enviados oficialmente pela congregação de Antioquia?","Barnabé e Saulo (Paulo)","Pedro e João","Silas e Timóteo","Áquila e Priscila","Barnabé e Saulo (Paulo)","Atos 13:2-3","(2) ...o espírito santo disse: “Separem-me Barnabé e Saulo para a obra para a qual os chamei.” (3) Então, depois de jejuarem e orarem, impuseram-lhes as mãos e os enviaram."
10185,"Qual filho de Davi era famoso por sua beleza e por seu cabelo comprido e pesado?","Absalão","Salomão","Amnom","Adonias","Absalão","2 Samuel 14:25-26","(25) ...não havia homem tão elogiado por sua beleza como Absalão... (26) Quando ele cortava o cabelo... o peso do cabelo era de 200 siclos, segundo o peso padrão real."
10186,"Qual livro conta a história de uma jovem judia que se tornou rainha da Pérsia?","Ester","Rute","Neemias","Esdras","Ester","Ester 2:17","E o rei amou Ester mais do que a todas as outras mulheres... e ele pôs o turbante real na cabeça dela e a fez rainha em lugar de Vasti."
10187,"Que profeta usou a parábola de uma ovelhinha para fazer Davi reconhecer seu próprio pecado?","Natã","Samuel","Gade","Aías","Natã","2 Samuel 12:1, 7","(1) Jeová enviou Natã a Davi... (7) Então Natã disse a Davi: “Esse homem é você!”"
10188,"Em que cidade Paulo causou um grande tumulto entre os que fabricavam santuários para a deusa Ártemis (Diana)?","Éfeso","Corinto","Atenas","Tessalônica","Éfeso","Atos 19:24, 29","(24) Pois um ourives chamado Demétrio, que fazia santuários de prata de Ártemis... (29) A cidade ficou em grande confusão..."
10189,"Com que ser angelical Jacó lutou durante a noite para obter uma bênção?","Um anjo (não nomeado)","Miguel","Gabriel","Rafael","Um anjo (não nomeado)","Gênesis 32:24","Por fim, Jacó ficou sozinho. Então um homem começou a lutar com ele até o amanhecer."
10190,"A qual colaborador Paulo escreveu uma carta pastoral sobre como organizar as congregações na ilha de Creta?","Tito","Timóteo","Filemom","Silas","Tito","Tito 1:4-5","(4) a Tito, filho legítimo na fé que temos em comum... (5) Eu o deixei em Creta para que você corrigisse as coisas que estavam defeituosas e designasse anciãos em cada cidade..."
10191,"Qual mulher descobriu o segredo da força de Sansão e o traiu aos filisteus?","Dalila","Jael","Tamar","Zípora","Dalila","Juízes 16:18","Quando Dalila viu que ele lhe tinha aberto todo o coração, mandou chamar imediatamente os senhores dos filisteus, dizendo: “Venham esta vez, pois ele me abriu todo o coração.”"
10192,"Qual parábola de Jesus ensina sobre a importância de perdoar 'não até sete vezes, mas até setenta e sete vezes'?","A parábola do escravo que não perdoou","A parábola do fariseu e do cobrador de impostos","A parábola dos dois devedores","A parábola do juiz que não era justo","A parábola do escravo que não perdoou","Mateus 18:21-22, 35","(21) Então Pedro se aproximou e lhe disse: “Senhor, quantas vezes o meu irmão pecará contra mim e eu lhe perdoarei? Até sete vezes?” (22) Jesus lhe disse: “Eu não lhe digo até sete vezes, mas até 77 vezes.” ... (35) “É assim que o meu Pai celestial fará também com vocês, se cada um de vocês não perdoar de coração ao seu irmão.”"
10193,"O que o Rei Salomão pediu a Deus em sonho, em vez de riquezas ou vida longa?","Um coração obediente e sábio","Poder sobre seus inimigos","A derrota de todos os adversários","A maior riqueza do mundo","Um coração obediente e sábio","1 Reis 3:9, 11","(9) Dá, pois, ao teu servo um coração obediente para julgar o teu povo... (11) E Deus lhe disse: “Visto que você pediu isso e não pediu para si vida longa, nem riquezas, nem a morte dos seus inimigos, mas pediu entendimento para discernir a justiça...”"
10194,"Qual livro detalha o retorno dos exilados e a reconstrução do templo de Jeová em Jerusalém?","Esdras","Neemias","Ageu","Zacarias","Esdras","Esdras 1:3, 3:8","(1:3) Quem dentre vocês for do seu povo... que ele suba a Jerusalém, em Judá, e reconstrua a casa de Jeová... (3:8) ...eles começaram a obra da casa de Jeová."
10195,"Qual apóstolo é repetidamente mencionado como 'o discípulo a quem Jesus amava'?","João","Pedro","Tiago","André","João","João 21:20","Pedro se virou e viu que o discípulo a quem Jesus amava os seguia..."
10196,"Que profeta teve uma visão de quatro criaturas viventes com quatro faces e quatro asas?","Ezequiel","Daniel","Isaías","João","Ezequiel","Ezequiel 1:5-6","(5) ...vi algo parecido com quatro criaturas viventes... (6) Cada uma tinha quatro faces e cada uma tinha quatro asas."
10197,"Em que evento Jesus 'foi transfigurado diante deles; seu rosto brilhava como o sol'?","A transfiguração","O batismo","A ressurreição","A ascensão","A transfiguração","Mateus 17:1-2","(1) Seis dias depois, Jesus levou consigo Pedro, Tiago e João, irmão deste, e os levou a um alto monte, um lugar retirado. (2) E ele foi transfigurado diante deles; seu rosto brilhava como o sol, e a sua roupa se tornou branca como a luz."
10198,"Qual juiz derrotou um exército midianita de 135.000 homens com apenas 300 soldados?","Gideão","Sansão","Jefté","Barque","Gideão","Juízes 7:7, 8:10","(7:7) Jeová disse a Gideão: “Salvarei vocês com os 300 homens... e entregarei os midianitas nas suas mãos.” (8:10) ...o acampamento consistia em cerca de 15.000 homens, todos os que restaram do acampamento dos orientais; 120.000 homens que usavam espada já haviam caído."
10199,"Que profeta anunciou a vinda do profeta 'Elias' antes do 'grande e atemorizante dia de Jeová'?","Malaquias","Zacarias","Ageu","Isaías","Malaquias","Malaquias 4:5","“Vejam! Eu lhes enviarei o profeta Elias, antes da vinda do grande e atemorizante dia de Jeová.”"
10200,"Qual carta das Escrituras Gregas enfatiza que 'a fé sem obras é morta'?","Tiago","1 Pedro","1 João","Judas","Tiago","Tiago 2:26","De fato, assim como o corpo sem fôlego de vida está morto, assim também a fé sem obras está morta."